intrando,9657484115,788,26085751, Cll 83C Sur# 18B - 2D, Douglas Vincent,920745951,64480421,Rio De Janeiro,online@intrando.br
kalane,2068430662,581,64808413, Cll 195B  # 69  - 66B, Robert Ronnie,106534648,90230663,Toronto,ventas@kalane.com
mugen,7124015762,480,92935903, Cll 22E  # 52D - 32B, Mark Calvin,642237196,20711093,Zurich,sales@mugen.com
bionu,3455326779,233,67898664, Cll 140B  # 78A - 50D, Diane Louise,696097407,80352641,Ginebra,atencion@bionu.com
acerist,5182709345,990,69626243, Cll 213A Sur# 11  - 56A, John Kristopher,45411964,26719913,Beijing,acerist@acerist.com
paleondo,5338931689,956,36573390, Cll 143C  # 80D - 98 , William James,712191330,57309716,Beijing,ventas@paleondo.com
cryptocy,9069498205,129,40054787, Cll 56A  # 4B - 91 , Wayne Thomas,950469973,42068442,Beijing,ventas@cryptocy.com
laudore,1892246696,650,94963228, Cll 1A Sur# 94A - 99D, Janet Lois,189943191,97311345,Beijing,ventas@laudore.com
olith,3027721673,414,17846214, Cll 173E Sur# 41C - 23B, Nathan Nathan,321398858,55216022,Bogota,sales@olith.com
amphicy,3459572311,439,20498591, Cll 10A  # 40  - 11D, Esther Rebecca,989763429,47613526,Bogota,atention@amphicy.com
yoveo,2571113557,137,80531445, Cll 221A Sur# 62E - 50E, Luis Donald,768903156,68039780,Medellin,atention@yoveo.com
gradimba,5820352584,106,89556579, Cll 66A Sur# 97A - 9A, Ann Ivy,617651984,92688228,Medellin,clientes@gradimba.com
octonoodle,6841664472,847,61408545, Cll 92A  # 21C - 57E, Jennifer Bridgette,170216627,32753548,Copenhague,ventas@octonoodle.com
pixonti,7094112724,345,87971418, Cll 23E  # 51B - 56C, Kimberly Yon,1087504465,90325656,Londres,ventas@pixonti.com
